Año,Trimestre,Provincia,ADSL,Cablemodem,Fibra óptica,Wireless,Otros
2022,3,Buenos Aires,339648,2748325,1436433,126846,70416
2022,3,Capital Federal,140791,1240125,129218,5758,31787
2022,3,Catamarca,10010,10495,46224,1329,2235
2022,3,Chaco,27164,61800,44645,8178,2359
2022,3,Chubut,45377,72212,9574,29784,8831
2022,3,Córdoba,163770,465461,338570,6107,9797
2022,3,Corrientes,36508,77140,18619,7256,5323
2022,3,Entre Ríos,60345,132952,36971,26098,12593
2022,3,Formosa,14470,25880,11041,16935,2120
2022,3,Jujuy,19257,52978,40172,4033,2383
2022,3,La Pampa,7796,60078,23551,20216,4451
2022,3,La Rioja,6842,53899,19697,6395,310
2022,3,Mendoza,37659,78858,142615,27625,2766
2022,3,Misiones,35513,88902,39046,11074,7622
2022,3,Neuquén,29352,75815,29396,27482,1116
2022,3,Río Negro,35552,48260,41017,1676,18969
2022,3,Salta,40006,96984,50254,10082,7215
2022,3,San Juan,38570,22723,12328,2186,7918
2022,3,San Luis,6860,29363,248,70614,14985
2022,3,Santa Cruz,10170,24047,10815,3896,5820
2022,3,Santa Fe,183740,426255,215189,43079,19547
2022,3,Santiago Del Estero,15385,80937,13170,6618,2922
2022,3,Tierra Del Fuego,12754,39963,403,1250,6510
2022,3,Tucumán,77738,18518,162345,3997,5190
2022,2,Buenos Aires,350652,2719613,1399043,126847,71028
2022,2,Capital Federal,145491,1232226,121506,5757,31791
2022,2,Catamarca,11928,9430,42087,1329,2234
2022,2,Chaco,29552,61284,42194,8178,2356
2022,2,Chubut,45377,69242,9574,29784,8828
2022,2,Córdoba,179181,467595,308895,61107,9657
2022,2,Corrientes,38468,75769,18181,7256,5323
2022,2,Entre Ríos,63794,131029,35839,26098,12592
2022,2,Formosa,15397,25487,9875,1691,2120
2022,2,Jujuy,20303,54495,34184,3955,2377
2022,2,La Pampa,7796,59273,22994,202,1264
2022,2,La Rioja,7759,52656,19189,6395,310
2022,2,Mendoza,37663,77504,135504,26964,1927
2022,2,Misiones,37208,89260,33649,11074,7622
2022,2,Neuquén,29749,74905,28824,27371,1119
2022,2,Río Negro,36050,47040,40946,1676,18968
2022,2,Salta,42665,96178,47076,10068,719
2022,2,San Juan,38570,19734,12328,21859,7916
2022,2,San Luis,6860,29034,248,70614,14985
2022,2,Santa Cruz,10170,23725,10815,3896,5790
2022,2,Santa Fe,198492,428233,189503,43081,1955
2022,2,Santiago Del Estero,16561,80338,11605,6618,2922
2022,2,Tierra Del Fuego,12754,39837,403,1250,6510
2022,2,Tucumán,85893,15327,148823,3997,4870
2022,1,Buenos Aires,392045,2728865,1242121,125521,66872
2022,1,Capital Federal,102290,1217225,62308,5784,29934
2022,1,Catamarca,14181,15517,29118,1328,2234
2022,1,Chaco,32391,64546,36662,8164,2356
2022,1,Chubut,44133,66667,9184,30592,21052
2022,1,Córdoba,195610,501799,235838,60843,9713
2022,1,Corrientes,40462,79093,10875,6774,5374
2022,1,Entre Ríos,67159,138986,23091,26098,12592
2022,1,Formosa,16397,15927,5146,16876,2020
2022,1,Jujuy,21307,60616,25949,4662,3975
2022,1,La Pampa,8003,58978,21739,19903,1109
2022,1,La Rioja,9103,59228,9546,6395,310
2022,1,Mendoza,49464,74145,123228,26969,1379
2022,1,Misiones,39147,91752,25178,7807,7624
2022,1,Neuquén,28443,73200,24193,23098,7450
2022,1,Río Negro,38662,45366,38037,16815,18494
2022,1,Salta,44714,98667,40994,595,719
2022,1,San Juan,34038,14449,11294,20723,7674
2022,1,San Luis,7987,11296,31,71809,28721
2022,1,Santa Cruz,10537,23420,10766,3974,4050
2022,1,Santa Fe,213486,444609,146552,45261,20571
2022,1,Santiago Del Estero,18118,87979,1093,6349,2922
2022,1,Tierra Del Fuego,13031,38700,416,1240,3400
2022,1,Tucumán,92532,62396,86174,3995,4870
2021,4,Buenos Aires,426325,2706506,1176024,126887,73415
2021,4,Capital Federal,111360,1205128,60005,5679,29947
2021,4,Catamarca,16385,13858,25100,1512,2235
2021,4,Chaco,35548,63145,34688,8005,2359
2021,4,Chubut,46361,57412,9655,28041,18839
2021,4,Córdoba,212011,487489,217214,61277,8779
2021,4,Corrientes,42523,71183,10138,6778,529
2021,4,Entre Ríos,70459,133387,23452,25022,12726
2021,4,Formosa,17211,15111,5151,16018,1720
2021,4,Jujuy,22330,60511,24156,2927,3991
2021,4,La Pampa,8175,58000,20192,19286,1354
2021,4,La Rioja,10387,56651,9446,6613,310
2021,4,Mendoza,59842,71553,109667,24666,1859
2021,4,Misiones,41778,92068,22035,7649,7602
2021,4,Neuquén,29175,72761,23253,21531,7460
2021,4,Río Negro,42037,44495,32212,16558,18451
2021,4,Salta,46972,99808,39555,5882,7188
2021,4,San Juan,35868,13102,11072,11423,8493
2021,4,San Luis,8472,11064,30,7056,28723
2021,4,Santa Cruz,10790,22902,10031,4346,4170
2021,4,Santa Fe,233427,444373,128856,43556,16229
2021,4,Santiago Del Estero,19032,86563,1088,6256,2922
2021,4,Tierra Del Fuego,13317,38148,426,1240,3420
2021,4,Tucumán,97830,59022,78790,2511,4860
2021,3,Buenos Aires,585729,2595485,885613,120228,64554
2021,3,Capital Federal,142902,1192107,42966,6059,29371
2021,3,Catamarca,18413,11709,22331,1568,2233
2021,3,Chaco,38258,63659,27583,8018,2353
2021,3,Chubut,49269,55794,8946,23376,18681
2021,3,Córdoba,229275,477223,167495,57617,15178
2021,3,Corrientes,44805,69403,7542,6766,5303
2021,3,Entre Ríos,74443,128752,20485,235,13195
2021,3,Formosa,18093,14111,4730,1569,1710
2021,3,Jujuy,23554,60758,19926,2952,3968
2021,3,La Pampa,9015,57881,17817,14479,1295
2021,3,La Rioja,11329,54744,9444,6613,300
2021,3,Mendoza,91474,71247,70579,21811,8280
2021,3,Misiones,43230,89469,10969,7198,7662
2021,3,Neuquén,29650,73794,16455,1927,6400
2021,3,Río Negro,47934,44519,18725,15031,18376
2021,3,Salta,49212,98318,36126,5724,6453
2021,3,San Juan,40072,12922,6670,11372,8447
2021,3,San Luis,8417,11884,27,68856,2868
2021,3,Santa Cruz,12347,22961,6328,4269,3071
2021,3,Santa Fe,245929,443156,93412,43447,1564
2021,3,Santiago Del Estero,19939,85535,909,6147,2928
2021,3,Tierra Del Fuego,12853,36958,6,160,3900
2021,3,Tucumán,104489,53868,70964,2408,7430
2021,2,Buenos Aires,603255,2503830,854173,113546,57547
2021,2,Capital Federal,148989,1175097,41318,558,29371
2021,2,Catamarca,20305,9426,22331,1449,2233
2021,2,Chaco,39826,62948,27584,8018,2353
2021,2,Chubut,49271,41497,6081,23682,18706
2021,2,Córdoba,239780,467782,151855,55944,15519
2021,2,Corrientes,46648,67262,3731,6557,5303
2021,2,Entre Ríos,77836,124957,17856,23786,13197
2021,2,Formosa,19571,12509,3610,1569,1710
2021,2,Jujuy,24738,60800,19611,2731,3968
2021,2,La Pampa,9017,57014,17132,13209,1295
2021,2,La Rioja,11627,54255,9445,6245,300
2021,2,Mendoza,91503,70834,44696,21811,8270
2021,2,Misiones,44960,87861,10376,5317,7662
2021,2,Neuquén,30083,72690,15619,19218,6400
2021,2,Río Negro,48189,43761,18727,15031,18376
2021,2,Salta,51396,96016,32050,5724,6453
2021,2,San Juan,40072,12369,6673,11372,8447
2021,2,San Luis,8417,11308,28,6686,36205
2021,2,Santa Cruz,12347,22967,6328,4269,3071
2021,2,Santa Fe,256741,431915,90424,43997,17523
2021,2,Santiago Del Estero,20734,83770,909,5081,3596
2021,2,Tierra Del Fuego,12853,22504,6,140,3160
2021,2,Tucumán,110429,48359,71683,1837,7430
2021,1,Buenos Aires,629679,2452056,821597,98806,57864
2021,1,Capital Federal,159805,1145093,39980,5559,29236
2021,1,Catamarca,26316,4409,18688,3220,2233
2021,1,Chaco,43214,61251,25426,8004,1875
2021,1,Chubut,45501,40960,3444,23723,18712
2021,1,Córdoba,260350,444695,134634,54137,17065
2021,1,Corrientes,49160,62876,3337,5949,5303
2021,1,Entre Ríos,83688,118424,16846,20836,12169
2021,1,Formosa,20663,11412,2562,15669,3800
2021,1,Jujuy,32254,54324,17322,2677,3879
2021,1,La Pampa,8946,58711,15779,12369,13
2021,1,La Rioja,17363,34984,1,2500,300
2021,1,Mendoza,91844,69295,38619,18332,8330
2021,1,Misiones,48292,82339,7064,4796,6896
2021,1,Neuquén,30223,70457,14171,17752,6320
2021,1,Río Negro,48777,42192,17828,13994,18377
2021,1,Salta,54768,89187,31498,5669,6452
2021,1,San Juan,40072,11589,6671,11482,8453
2021,1,San Luis,8417,10678,28,63826,36205
2021,1,Santa Cruz,12347,23089,5975,4264,3900
2021,1,Santa Fe,277012,421480,70976,3914,17519
2021,1,Santiago Del Estero,26468,75849,570,5158,3596
2021,1,Tierra Del Fuego,12853,27247,6,00,3160
2021,1,Tucumán,147199,12185,69954,1834,7400
2020,4,Buenos Aires,635651,2441248,804991,93444,57927
2020,4,Capital Federal,163060,1142528,39890,4815,29237
2020,4,Catamarca,26870,5115,17856,3220,2233
2020,4,Chaco,44332,61200,23687,7997,1875
2020,4,Chubut,45703,39756,3040,23363,18712
2020,4,Córdoba,267396,439322,125620,52827,17536
2020,4,Corrientes,50102,61495,3146,5626,529
2020,4,Entre Ríos,85683,113670,15653,20206,12169
2020,4,Formosa,21264,10789,2432,15341,3800
2020,4,Jujuy,32850,52815,15639,1077,347
2020,4,La Pampa,9009,58945,15432,12194,1315
2020,4,La Rioja,17513,34984,1,2500,300
2020,4,Mendoza,91842,68364,36083,18331,8330
2020,4,Misiones,49462,79855,6589,4359,6896
2020,4,Neuquén,30468,70614,13732,17689,6320
2020,4,Río Negro,48991,42022,17826,13994,18377
2020,4,Salta,56659,87817,30604,5858,6452
2020,4,San Juan,40072,7004,6599,10468,8453
2020,4,San Luis,8417,11767,27,63019,36205
2020,4,Santa Cruz,12347,19657,1041,4659,297
2020,4,Santa Fe,287271,414746,62692,38712,17392
2020,4,Santiago Del Estero,26812,70522,570,5169,3596
2020,4,Tierra Del Fuego,12853,26439,6,00,3160
2020,4,Tucumán,149322,11150,68043,1834,7400
2020,3,Buenos Aires,653930,2384557,749087,94162,55541
2020,3,Capital Federal,170375,1129573,39417,3936,29374
2020,3,Catamarca,26868,3690,16857,2610,2228
2020,3,Chaco,45745,58825,20675,6706,2003
2020,3,Chubut,45761,39386,2897,23216,18767
2020,3,Córdoba,276360,430771,102217,48368,9756
2020,3,Corrientes,50858,58681,2960,5513,5379
2020,3,Entre Ríos,87892,106950,13954,20379,1232
2020,3,Formosa,21790,10003,2000,15023,3930
2020,3,Jujuy,32611,57682,11112,9520,4371
2020,3,La Pampa,9015,56845,14677,11893,1305
2020,3,La Rioja,17346,34984,1,2500,350
2020,3,Mendoza,91908,64672,32817,17523,8680
2020,3,Misiones,50195,77989,2572,3445,8985
2020,3,Neuquén,30222,70446,11043,16787,7370
2020,3,Río Negro,49530,40001,10381,13187,18368
2020,3,Salta,58216,84128,25445,5764,7293
2020,3,San Juan,40092,9223,5509,14023,848
2020,3,San Luis,8401,10077,6,61828,36253
2020,3,Santa Cruz,12845,16098,1027,6938,2373
2020,3,Santa Fe,295051,405807,45721,37112,19307
2020,3,Santiago Del Estero,26419,70720,555,4185,3613
2020,3,Tierra Del Fuego,12854,26491,0,00,3100
2020,3,Tucumán,149605,11752,59949,1808,7620
2020,2,Buenos Aires,661272,2244277,723072,91736,57189
2020,2,Capital Federal,178896,1106133,39482,3937,29373
2020,2,Catamarca,26968,3641,14878,2610,2228
2020,2,Chaco,46816,56017,17266,6452,1581
2020,2,Chubut,45761,38279,1324,17678,5614
2020,2,Córdoba,282858,415007,85818,44522,8263
2020,2,Corrientes,51248,55536,3144,3927,5011
2020,2,Entre Ríos,89391,99423,13954,20042,11303
2020,2,Formosa,21805,9353,1882,14723,1690
2020,2,Jujuy,32705,38938,5057,9520,16664
2020,2,La Pampa,8551,54422,14232,11314,129
2020,2,La Rioja,16885,34984,1,2500,350
2020,2,Mendoza,91904,62941,29613,15924,8020
2020,2,Misiones,50792,74497,2579,3319,9153
2020,2,Neuquén,30256,67990,11037,15755,1134
2020,2,Río Negro,49756,39650,10382,11331,18367
2020,2,Salta,59502,81740,24289,5123,7108
2020,2,San Juan,40092,8275,5509,7019,8882
2020,2,San Luis,8401,8357,6,60935,36253
2020,2,Santa Cruz,12845,16044,1027,6585,2368
2020,2,Santa Fe,299974,381679,46698,30487,19094
2020,2,Santiago Del Estero,25917,72074,355,3038,4063
2020,2,Tierra Del Fuego,12854,26025,0,00,3100
2020,2,Tucumán,150084,9833,55120,1357,7620
2020,1,Buenos Aires,673237,2210349,720688,85443,18334
2020,1,Capital Federal,184494,1097635,38898,3911,28556
2020,1,Catamarca,21945,3146,12056,2610,2227
2020,1,Chaco,46356,54144,11958,6239,158
2020,1,Chubut,45763,27287,1324,16885,5479
2020,1,Córdoba,286168,406109,68512,41617,8693
2020,1,Corrientes,51126,53231,2172,2437,5004
2020,1,Entre Ríos,90368,95434,13245,18737,14062
2020,1,Formosa,21068,8887,1800,1451,1690
2020,1,Jujuy,32066,38938,3078,9420,16641
2020,1,La Pampa,8553,53755,13821,11295,1802
2020,1,La Rioja,13076,34984,0,2510,290
2020,1,Mendoza,91955,50251,28059,12465,7220
2020,1,Misiones,51458,69452,1220,4600,10962
2020,1,Neuquén,29305,65951,11031,14711,7290
2020,1,Río Negro,47756,38479,10381,11222,18362
2020,1,Salta,60426,75593,23025,4125,7212
2020,1,San Juan,40092,6448,5508,7082,5101
2020,1,San Luis,8301,7612,5,58301,36333
2020,1,Santa Cruz,12845,15766,1026,6817,2368
2020,1,Santa Fe,302366,383673,35123,30488,19468
2020,1,Santiago Del Estero,24695,70424,200,2779,4657
2020,1,Tierra Del Fuego,12854,25632,0,00,3080
2020,1,Tucumán,143184,10494,44687,1355,3470
2019,4,Buenos Aires,720011,2191672,669194,87111,18266
2019,4,Capital Federal,196938,1093143,35534,3914,28576
2019,4,Catamarca,22999,3318,9506,2610,2227
2019,4,Chaco,48661,53602,8831,5229,158
2019,4,Chubut,47045,26977,1324,15267,5489
2019,4,Córdoba,296872,410038,53335,3775,8693
2019,4,Corrientes,52525,51845,2002,2458,5004
2019,4,Entre Ríos,92981,99206,12875,18561,15407
2019,4,Formosa,21567,8684,1760,14531,1690
2019,4,Jujuy,32949,37604,873,8140,16641
2019,4,La Pampa,15457,56854,4942,11341,1805
2019,4,La Rioja,13738,34984,0,2510,290
2019,4,Mendoza,96678,49711,24989,13672,7300
2019,4,Misiones,53116,69676,847,4410,11733
2019,4,Neuquén,29826,60970,10549,14246,8540
2019,4,Río Negro,49747,37933,9658,11437,18365
2019,4,Salta,63272,76062,21865,304,8206
2019,4,San Juan,41360,6338,4931,7241,5104
2019,4,San Luis,8569,8027,6,55266,36333
2019,4,Santa Cruz,13264,15899,1036,68,2371
2019,4,Santa Fe,312072,382254,27464,26978,20401
2019,4,Santiago Del Estero,24682,71239,200,281,4657
2019,4,Tierra Del Fuego,13261,26821,0,00,3100
2019,4,Tucumán,146985,11012,39574,7250,3480
2019 *,3 *,Buenos Aires,1277249,2144956,425386,85572,2707
2019 *,3 *,Capital Federal,300288,1080973,24900,3895,31155
2019 *,3 *,Catamarca,24349,5543,13,2440,2251
2019 *,3 *,Chaco,50416,49156,8063,5224,1592
2019 *,3 *,Chubut,37298,27090,1917,15149,7551
2019 *,3 *,Córdoba,307780,399231,30064,37277,8701
2019 *,3 *,Corrientes,53344,50230,1888,2458,4839
2019 *,3 *,Entre Ríos,94947,96305,12888,1853,15432
2019 *,3 *,Formosa,21777,8359,1476,14292,1620
2019 *,3 *,Jujuy,33110,35742,274,8120,16638
2019 *,3 *,La Pampa,19469,52941,4994,11462,1962
2019 *,3 *,La Rioja,14390,34984,11,2510,410
2019 *,3 *,Mendoza,148640,54312,6865,12975,1545
2019 *,3 *,Misiones,54493,65872,829,4190,1227
2019 *,3 *,Neuquén,43347,60484,5560,13512,2518
2019 *,3 *,Río Negro,67478,37425,9739,10806,18847
2019 *,3 *,Salta,65799,74329,733,158,9394
2019 *,3 *,San Juan,51670,7425,1227,7241,5535
2019 *,3 *,San Luis,13037,10561,350,62286,36466
2019 *,3 *,Santa Cruz,10663,17056,969,6544,2738
2019 *,3 *,Santa Fe,319396,377171,18690,24269,21408
2019 *,3 *,Santiago Del Estero,24556,71198,219,2759,344
2019 *,3 *,Tierra Del Fuego,19790,26659,651,00,1487
2019 *,3 *,Tucumán,150918,12089,116,6840,3240
2019 *,2 *,Buenos Aires,1284658,2079900,382971,7524,32929
2019 *,2 *,Capital Federal,309937,1061358,36082,3962,4281
2019 *,2 *,Catamarca,25682,5543,13,1460,2251
2019 *,2 *,Chaco,50765,47448,4203,4727,1591
2019 *,2 *,Chubut,37313,26338,1917,14443,7545
2019 *,2 *,Córdoba,314768,388254,23023,33847,15236
2019 *,2 *,Corrientes,53835,47431,1701,2444,6138
2019 *,2 *,Entre Ríos,97081,91081,12764,17369,17529
2019 *,2 *,Formosa,21916,8686,1382,14292,1620
2019 *,2 *,Jujuy,33022,30742,274,8120,21857
2019 *,2 *,La Pampa,19471,52101,4840,10789,3004
2019 *,2 *,La Rioja,15014,34984,11,2510,410
2019 *,2 *,Mendoza,148673,54027,6865,12748,1544
2019 *,2 *,Misiones,55373,64272,543,4210,12269
2019 *,2 *,Neuquén,43420,59021,4983,12792,2737
2019 *,2 *,Río Negro,67841,36527,4037,10485,19657
2019 *,2 *,Salta,68827,62343,725,121,9463
2019 *,2 *,San Juan,51680,7425,1174,287,6876
2019 *,2 *,San Luis,11130,10298,347,57242,38368
2019 *,2 *,Santa Cruz,10665,10257,379,6514,2735
2019 *,2 *,Santa Fe,325420,355140,18236,2198,22708
2019 *,2 *,Santiago Del Estero,24393,64783,219,2759,346
2019 *,2 *,Tierra Del Fuego,19790,25527,651,00,1486
2019 *,2 *,Tucumán,153121,12089,116,6840,3210
2019 *,1 *,Buenos Aires,1304507,2020730,336362,64867,20201
2019 *,1 *,Capital Federal,328246,1030814,32281,3978,4281
2019 *,1 *,Catamarca,26912,4443,16,00,2251
2019 *,1 *,Chaco,53409,43555,1951,3628,1134
2019 *,1 *,Chubut,37302,23065,1923,14443,3045
2019 *,1 *,Córdoba,323272,363959,19902,24615,12367
2019 *,1 *,Corrientes,55842,43444,1615,1528,580
2019 *,1 *,Entre Ríos,100999,90253,12723,16231,12241
2019 *,1 *,Formosa,22570,7878,940,13761,620
2019 *,1 *,Jujuy,33248,12484,153,6400,43622
2019 *,1 *,La Pampa,18832,57373,2891,9023,1041
2019 *,1 *,La Rioja,16367,34984,12,2520,410
2019 *,1 *,Mendoza,148524,40205,5662,10363,1544
2019 *,1 *,Misiones,54898,59214,465,4260,7717
2019 *,1 *,Neuquén,40747,55634,3114,1251,2372
2019 *,1 *,Río Negro,68377,34124,3994,9736,4857
2019 *,1 *,Salta,74426,57933,647,1135,1879
2019 *,1 *,San Juan,51660,5838,808,2932,1207
2019 *,1 *,San Luis,11108,7784,378,53097,23968
2019 *,1 *,Santa Cruz,10659,4615,382,6514,2735
2019 *,1 *,Santa Fe,340038,340344,15621,23215,1786
2019 *,1 *,Santiago Del Estero,25337,61547,23,2847,990
2019 *,1 *,Tierra Del Fuego,19789,23549,1623,00,1486
2019 *,1 *,Tucumán,159215,11670,118,6780,3210
2018,4,Buenos Aires,1305576,1949637,296102,65477,19814
2018,4,Capital Federal,328253,1019490,33042,3978,4257
2018,4,Catamarca,26912,4443,16,00,2212
2018,4,Chaco,53409,43555,1940,3236,113
2018,4,Chubut,37215,23065,952,14443,3047
2018,4,Córdoba,328854,355716,17675,21851,13243
2018,4,Corrientes,55842,42418,796,1515,300
2018,4,Entre Ríos,101168,86198,4853,15472,14356
2018,4,Formosa,22619,7880,887,13761,570
2018,4,Jujuy,33248,12484,153,6400,43608
2018,4,La Pampa,18832,55337,2685,7772,101
2018,4,La Rioja,16367,34984,12,2520,360
2018,4,Mendoza,148524,40205,5665,10363,1547
2018,4,Misiones,55500,53673,465,4260,6209
2018,4,Neuquén,40747,55634,3115,12425,2444
2018,4,Río Negro,68377,34292,1299,8037,4832
2018,4,Salta,74295,57539,638,2530,1853
2018,4,San Juan,51660,5838,806,2883,1211
2018,4,San Luis,11108,7784,378,53097,23964
2018,4,Santa Cruz,10659,4615,382,6378,2734
2018,4,Santa Fe,335519,322782,14387,18705,28997
2018,4,Santiago Del Estero,25339,61243,23,2649,810
2018,4,Tierra Del Fuego,19789,23349,1623,00,1499
2018,4,Tucumán,159215,11670,119,6860,3140
2018,3,Buenos Aires,1435856,1929273,156382,62318,26448
2018,3,Capital Federal,334353,1009252,35694,3872,9319
2018,3,Catamarca,27553,4443,15,10,2214
2018,3,Chaco,53927,42359,1990,2628,1129
2018,3,Chubut,58887,23065,1239,13817,6728
2018,3,Córdoba,337620,342401,15785,19213,10839
2018,3,Corrientes,56444,41300,212,1468,320
2018,3,Entre Ríos,103318,83714,2403,15093,800
2018,3,Formosa,22777,7589,817,13625,570
2018,3,Jujuy,33363,10856,32,6410,430
2018,3,La Pampa,12415,54574,8437,7011,9870
2018,3,La Rioja,16587,34984,13,2530,350
2018,3,Mendoza,151033,40205,5744,8195,1852
2018,3,Misiones,56290,50793,512,3910,560
2018,3,Neuquén,46602,54129,998,12277,2712
2018,3,Río Negro,68590,33474,1252,5051,5125
2018,3,Salta,76600,53980,678,2340,1391
2018,3,San Juan,54025,5838,826,2744,1048
2018,3,San Luis,11096,7784,368,52859,2314
2018,3,Santa Cruz,18606,4574,585,6238,3996
2018,3,Santa Fe,339126,312866,11749,16337,15022
2018,3,Santiago Del Estero,25805,58789,23,1662,810
2018,3,Tierra Del Fuego,19365,22649,1502,10,2047
2018,3,Tucumán,161209,9280,110,2520,3150
2018,2,Buenos Aires,1450203,1807868,143626,71256,27746
2018,2,Capital Federal,342431,977916,35610,3908,9321
2018,2,Catamarca,27444,4415,15,10,2214
2018,2,Chaco,54134,40750,562,1946,1129
2018,2,Chubut,58935,19591,1239,1407,6729
2018,2,Córdoba,345141,327636,13832,16355,10109
2018,2,Corrientes,56541,39715,201,1468,320
2018,2,Entre Ríos,104811,80376,2405,12313,800
2018,2,Formosa,23543,7311,18,13625,570
2018,2,Jujuy,33571,10856,23,6400,430
2018,2,La Pampa,12416,53587,8420,7011,9870
2018,2,La Rioja,16663,34984,13,2530,350
2018,2,Mendoza,152938,36872,3084,6206,1852
2018,2,Misiones,57265,47923,512,3910,560
2018,2,Neuquén,46633,52855,998,12649,2713
2018,2,Río Negro,68667,32795,1252,4396,5125
2018,2,Salta,78386,53478,678,2340,1391
2018,2,San Juan,54080,5068,826,3079,1048
2018,2,San Luis,11104,7666,368,160,2314
2018,2,Santa Cruz,18615,4474,585,6734,3997
2018,2,Santa Fe,337934,304349,11354,15801,15114
2018,2,Santiago Del Estero,26074,55935,23,1662,810
2018,2,Tierra Del Fuego,19372,22756,531,10,2047
2018,2,Tucumán,160315,8965,110,2520,3150
2018,1,Buenos Aires,1452061,1793884,133928,64379,31194
2018,1,Capital Federal,349995,968483,35535,3164,9393
2018,1,Catamarca,27300,4415,15,10,2214
2018,1,Chaco,54879,40157,383,3880,113
2018,1,Chubut,56375,19591,1194,1407,6729
2018,1,Córdoba,349342,326894,13178,13237,11275
2018,1,Corrientes,56937,35225,888,1334,330
2018,1,Entre Ríos,106998,75751,3789,10776,800
2018,1,Formosa,23556,7095,17,1603,570
2018,1,Jujuy,33856,10456,23,280,430
2018,1,La Pampa,10807,51389,8386,10556,1926
2018,1,La Rioja,16960,34984,13,2530,350
2018,1,Mendoza,152931,36872,3086,6206,1852
2018,1,Misiones,56311,46880,328,50,560
2018,1,Neuquén,46714,55072,1000,12404,2713
2018,1,Río Negro,68769,31712,1251,4259,5128
2018,1,Salta,79936,51534,118,2040,1391
2018,1,San Juan,54080,5068,826,2246,1048
2018,1,San Luis,11104,7594,368,160,2314
2018,1,Santa Cruz,18615,4474,1799,6734,2783
2018,1,Santa Fe,341997,300421,10674,11636,15298
2018,1,Santiago Del Estero,26788,54594,23,1432,810
2018,1,Tierra Del Fuego,19372,9663,531,10,2047
2018,1,Tucumán,158611,8921,107,3680,500
2017,4,Buenos Aires,1241172,1718013,131181,60082,31448
2017,4,Capital Federal,571363,961688,36277,3119,9877
2017,4,Catamarca,27083,263,11,10,22
2017,4,Chaco,55035,39690,389,3800,1121
2017,4,Chubut,56378,15097,1187,1407,6708
2017,4,Córdoba,349710,324709,12778,12043,10739
2017,4,Corrientes,56786,34722,894,1334,350
2017,4,Entre Ríos,107764,73692,1894,10267,860
2017,4,Formosa,23410,6973,19,1603,510
2017,4,Jujuy,33844,9626,20,280,340
2017,4,La Pampa,10808,50495,8272,10569,1927
2017,4,La Rioja,16912,34984,14,2530,310
2017,4,Mendoza,152896,16114,3015,6206,192
2017,4,Misiones,56271,47470,95,50,540
2017,4,Neuquén,46739,54119,1017,12404,2692
2017,4,Río Negro,68690,30451,1250,4259,5114
2017,4,Salta,80705,50446,127,1580,1376
2017,4,San Juan,54079,451,812,2246,1036
2017,4,San Luis,11104,1119,335,170,2329
2017,4,Santa Cruz,18614,1668,582,4638,395
2017,4,Santa Fe,341680,293831,10602,10965,15382
2017,4,Santiago Del Estero,27313,40407,19,1025,800
2017,4,Tierra Del Fuego,19372,6906,530,10,2045
2017,4,Tucumán,156583,5223,105,1020,3190
2017,3,Buenos Aires,1288025,1571180,124920,35058,38777
2017,3,Capital Federal,583249,941092,33481,2814,9723
2017,3,Catamarca,26873,4411,12,10,2181
2017,3,Chaco,54888,37307,456,360,1072
2017,3,Chubut,56359,5645,1217,13503,682
2017,3,Córdoba,344580,319360,10579,7137,14988
2017,3,Corrientes,56247,33993,947,1334,270
2017,3,Entre Ríos,107774,69596,1786,6245,630
2017,3,Formosa,22647,6816,428,2202,120
2017,3,Jujuy,33796,9395,20,230,80
2017,3,La Pampa,11378,49679,5153,11536,1944
2017,3,La Rioja,16638,34984,14,2520,250
2017,3,Mendoza,154036,33788,2772,290,1866
2017,3,Misiones,56472,43880,110,50,90
2017,3,Neuquén,48001,52468,1044,11576,2695
2017,3,Río Negro,69301,30018,1106,3054,4017
2017,3,Salta,80782,50284,127,1580,1167
2017,3,San Juan,54499,5068,816,1053,1013
2017,3,San Luis,11407,7576,347,260,2363
2017,3,Santa Cruz,19220,5487,1544,4552,2887
2017,3,Santa Fe,322953,290655,6338,4897,37499
2017,3,Santiago Del Estero,27733,54096,19,9110,350
2017,3,Tierra Del Fuego,21587,7012,622,10,2244
2017,3,Tucumán,154130,6431,106,400,3050
2017,2,Buenos Aires,1378549,1535037,119132,21555,24358
2017,2,Capital Federal,615262,932466,38628,2819,11016
2017,2,Catamarca,26401,255,14,10,340
2017,2,Chaco,54449,35613,458,520,390
2017,2,Chubut,43994,1067,916,13194,4804
2017,2,Córdoba,341748,303488,4451,6446,1505
2017,2,Corrientes,55262,33192,258,1354,310
2017,2,Entre Ríos,108309,67650,254,6448,710
2017,2,Formosa,22493,6410,17,1023,130
2017,2,Jujuy,33742,8858,22,00,350
2017,2,La Pampa,12754,48310,5194,6253,5110
2017,2,La Rioja,16244,0,15,20,280
2017,2,Mendoza,153331,13030,2581,270,1784
2017,2,Misiones,56752,42925,103,50,90
2017,2,Neuquén,51794,50283,1133,11545,2678
2017,2,Río Negro,67038,29147,961,3213,126
2017,2,Salta,80184,27280,115,1580,8040
2017,2,San Juan,48670,451,772,1073,9150
2017,2,San Luis,11432,1120,354,260,3750
2017,2,Santa Cruz,15311,2722,1365,4735,2255
2017,2,Santa Fe,329813,228102,3234,4958,1173
2017,2,Santiago Del Estero,28337,3900,19,9110,290
2017,2,Tierra Del Fuego,22636,6905,665,10,235
2017,2,Tucumán,149013,5223,116,140,450
2017,1,Buenos Aires,1559178,1465817,118839,212,24342
2017,1,Capital Federal,428801,918328,38259,273,10928
2017,1,Catamarca,26020,248,14,10,340
2017,1,Chaco,54430,34277,252,520,390
2017,1,Chubut,43994,999,916,13194,4793
2017,1,Córdoba,335673,293479,4871,5782,1394
2017,1,Corrientes,54993,31994,236,1354,310
2017,1,Entre Ríos,108509,65095,230,6448,710
2017,1,Formosa,22438,6215,16,1023,130
2017,1,Jujuy,33869,9278,22,00,340
2017,1,La Pampa,12754,47195,5194,6253,5170
2017,1,La Rioja,16180,0,15,20,280
2017,1,Mendoza,153326,13030,2581,270,1769
2017,1,Misiones,57363,40142,101,50,80
2017,1,Neuquén,51771,48109,1124,11665,267
2017,1,Río Negro,67075,28785,954,3213,1261
2017,1,Salta,79837,26845,114,1580,6790
2017,1,San Juan,48670,451,772,1073,9070
2017,1,San Luis,11432,1120,354,260,3750
2017,1,Santa Cruz,15502,2722,1272,4733,2257
2017,1,Santa Fe,327458,226094,3210,4948,1172
2017,1,Santiago Del Estero,29616,3900,19,9110,290
2017,1,Tierra Del Fuego,22636,6905,665,10,235
2017,1,Tucumán,147373,5223,116,140,450
2016,4,Buenos Aires,1563542,1414676,118747,21394,24342
2016,4,Capital Federal,434835,914952,38161,2583,10928
2016,4,Catamarca,26735,250,14,10,340
2016,4,Chaco,54974,33534,248,520,390
2016,4,Chubut,43994,955,916,13107,4793
2016,4,Córdoba,337368,289344,3368,5686,7890
2016,4,Corrientes,54981,31497,233,1354,310
2016,4,Entre Ríos,109359,64141,226,6448,710
2016,4,Formosa,22400,6061,16,1023,130
2016,4,Jujuy,33838,8731,22,00,340
2016,4,La Pampa,12754,47245,5054,6253,5220
2016,4,La Rioja,16270,0,16,20,280
2016,4,Mendoza,153320,13030,2579,270,1769
2016,4,Misiones,57983,39294,100,50,80
2016,4,Neuquén,51742,46389,1124,1191,267
2016,4,Río Negro,67057,28474,954,3274,1261
2016,4,Salta,79389,26657,110,1580,6210
2016,4,San Juan,48670,451,772,1121,9070
2016,4,San Luis,11432,1120,354,260,3750
2016,4,Santa Cruz,15607,2722,1055,4823,2257
2016,4,Santa Fe,326721,225792,3201,4946,1172
2016,4,Santiago Del Estero,30192,3900,19,9110,290
2016,4,Tierra Del Fuego,22636,6905,665,10,235
2016,4,Tucumán,146995,4482,116,140,450
2016,3,Buenos Aires,1574216,1355770,113463,18867,24276
2016,3,Capital Federal,447726,905105,36796,2514,10963
2016,3,Catamarca,26689,248,14,10,180
2016,3,Chaco,56251,32730,232,20,150
2016,3,Chubut,43987,935,916,13364,475
2016,3,Córdoba,348481,285480,2540,5695,3950
2016,3,Corrientes,55934,30813,217,1354,220
2016,3,Entre Ríos,112588,61850,206,6441,640
2016,3,Formosa,21800,5905,9,00,20
2016,3,Jujuy,34250,8236,22,00,300
2016,3,La Pampa,12751,45952,4910,6236,5150
2016,3,La Rioja,16891,0,15,20,220
2016,3,Mendoza,153233,13030,2576,280,1757
2016,3,Misiones,59776,38130,79,50,70
2016,3,Neuquén,51752,44739,1093,12402,2617
2016,3,Río Negro,67043,28496,942,3293,1252
2016,3,Salta,80866,26113,90,1570,5650
2016,3,San Juan,48670,451,770,1174,9030
2016,3,San Luis,11432,1113,354,230,3710
2016,3,Santa Cruz,15570,2722,817,4978,217
2016,3,Santa Fe,334911,223011,3037,4862,119
2016,3,Santiago Del Estero,31730,3900,19,30,80
2016,3,Tierra Del Fuego,22636,6276,665,10,2347
2016,3,Tucumán,147259,3850,116,530,410
2016,2,Buenos Aires,1579448,1305949,113070,21163,25661
2016,2,Capital Federal,450644,892209,36669,239,12672
2016,2,Catamarca,26262,245,14,10,340
2016,2,Chaco,56112,31825,221,520,410
2016,2,Chubut,43977,867,916,13293,4803
2016,2,Córdoba,348891,277615,1709,561,1089
2016,2,Corrientes,55511,29845,203,1354,430
2016,2,Entre Ríos,112809,58768,169,6434,1930
2016,2,Formosa,22101,5658,6,1023,140
2016,2,Jujuy,33758,7374,22,00,350
2016,2,La Pampa,12754,44654,4708,6225,5470
2016,2,La Rioja,16691,0,15,20,280
2016,2,Mendoza,153321,13030,2576,290,1868
2016,2,Misiones,59573,36145,77,50,150
2016,2,Neuquén,51742,42370,1088,12466,2849
2016,2,Río Negro,67031,28100,939,33,1334
2016,2,Salta,79438,24719,85,1510,5390
2016,2,San Juan,48670,451,770,1214,9080
2016,2,San Luis,11432,1063,354,300,3770
2016,2,Santa Cruz,15453,2722,396,4996,2586
2016,2,Santa Fe,336244,219088,2981,4744,1417
2016,2,Santiago Del Estero,32101,3900,19,9110,300
2016,2,Tierra Del Fuego,22636,5707,665,10,235
2016,2,Tucumán,145486,2968,116,580,490
2016,1,Buenos Aires,1583560,1200859,111231,21108,25757
2016,1,Capital Federal,454425,832126,36332,2284,12729
2016,1,Catamarca,26096,243,15,10,340
2016,1,Chaco,56353,29994,211,520,410
2016,1,Chubut,43967,834,916,1328,4803
2016,1,Córdoba,350884,252346,674,5636,3860
2016,1,Corrientes,55454,28491,192,1354,450
2016,1,Entre Ríos,113101,54948,146,6425,1930
2016,1,Formosa,21852,5420,5,1023,140
2016,1,Jujuy,33481,6751,22,00,350
2016,1,La Pampa,12754,41881,4536,6209,5490
2016,1,La Rioja,16645,0,16,20,280
2016,1,Mendoza,153299,13030,2576,340,1871
2016,1,Misiones,59538,33330,70,50,150
2016,1,Neuquén,51702,36122,1085,12502,285
2016,1,Río Negro,66894,27312,937,3341,1338
2016,1,Salta,78973,22741,73,1320,5070
2016,1,San Juan,48670,451,770,1195,9080
2016,1,San Luis,11432,1042,354,270,3770
2016,1,Santa Cruz,15654,2723,396,5088,2426
2016,1,Santa Fe,338052,204816,3014,4686,1428
2016,1,Santiago Del Estero,32838,3900,19,9110,300
2016,1,Tierra Del Fuego,22636,4834,665,10,235
2016,1,Tucumán,144233,2165,116,740,490
2015,4,Buenos Aires,1586343,1223603,103269,20397,25773
2015,4,Capital Federal,455427,879950,19818,2273,12758
2015,4,Catamarca,26180,242,15,10,340
2015,4,Chaco,56818,29456,186,520,410
2015,4,Chubut,43968,811,916,13521,4803
2015,4,Córdoba,353530,266062,480,5613,3850
2015,4,Corrientes,55681,28178,177,1354,450
2015,4,Entre Ríos,113983,53411,122,6427,1940
2015,4,Formosa,21734,5314,4,1023,140
2015,4,Jujuy,32934,6933,22,00,350
2015,4,La Pampa,12755,42705,4327,6205,3740
2015,4,La Rioja,16886,0,16,20,280
2015,4,Mendoza,153293,13030,2572,380,1874
2015,4,Misiones,60252,32533,48,50,150
2015,4,Neuquén,51680,38902,1048,12934,2852
2015,4,Río Negro,66851,27221,915,3407,1328
2015,4,Salta,78744,22446,47,1290,5540
2015,4,San Juan,48670,451,770,123,9080
2015,4,San Luis,11432,1025,354,300,3770
2015,4,Santa Cruz,15614,2723,396,5261,2409
2015,4,Santa Fe,339843,212911,2885,4596,1437
2015,4,Santiago Del Estero,33582,4365,19,1139,300
2015,4,Tierra Del Fuego,22636,4301,665,10,235
2015,4,Tucumán,144188,1653,116,880,500
2015,3,Buenos Aires,1585467,1183894,113590,19989,25825
2015,3,Capital Federal,454815,871262,30974,2229,12788
2015,3,Catamarca,25801,242,15,10,340
2015,3,Chaco,56282,28809,186,520,410
2015,3,Chubut,43964,792,916,13408,4803
2015,3,Córdoba,351692,264055,1450,5412,3890
2015,3,Corrientes,55792,27604,176,134,470
2015,3,Entre Ríos,113909,51945,122,6261,1970
2015,3,Formosa,21573,5264,2,8990,140
2015,3,Jujuy,32598,6895,22,00,350
2015,3,La Pampa,12755,41886,4078,6195,5570
2015,3,La Rioja,16725,0,16,20,280
2015,3,Mendoza,153299,13030,2572,420,188
2015,3,Misiones,59921,31635,46,50,150
2015,3,Neuquén,47102,36620,1045,13051,2798
2015,3,Río Negro,66806,27130,917,3415,1346
2015,3,Salta,78064,21688,47,1290,6450
2015,3,San Juan,48670,451,770,1231,9080
2015,3,San Luis,11432,1025,354,310,3770
2015,3,Santa Cruz,15540,2718,396,5226,2391
2015,3,Santa Fe,337042,209673,4169,4426,1428
2015,3,Santiago Del Estero,33886,4365,19,1097,300
2015,3,Tierra Del Fuego,22636,8085,665,10,235
2015,3,Tucumán,142925,1135,116,880,500
2015,2,Buenos Aires,1581770,1141052,115660,19268,2604
2015,2,Capital Federal,453178,858342,19786,2172,12806
2015,2,Catamarca,25387,242,15,10,340
2015,2,Chaco,55767,27809,179,520,410
2015,2,Chubut,43949,762,916,13055,4803
2015,2,Córdoba,348130,255596,435,5199,3860
2015,2,Corrientes,55238,26553,157,1321,470
2015,2,Entre Ríos,113378,49767,119,6031,1970
2015,2,Formosa,21097,5164,2,7370,500
2015,2,Jujuy,32183,5482,22,00,350
2015,2,La Pampa,12756,40825,3719,619,5620
2015,2,La Rioja,16463,0,16,20,280
2015,2,Mendoza,153301,13030,2572,380,1882
2015,2,Misiones,59179,29283,37,50,150
2015,2,Neuquén,47078,34183,1044,12781,2799
2015,2,Río Negro,66738,26268,916,3457,1348
2015,2,Salta,77214,20297,47,1290,5800
2015,2,San Juan,48670,451,770,1189,9080
2015,2,San Luis,11432,1025,354,330,3770
2015,2,Santa Cruz,15343,2707,396,4917,24
2015,2,Santa Fe,333117,204685,2877,432,1389
2015,2,Santiago Del Estero,33873,4365,19,1091,300
2015,2,Tierra Del Fuego,22636,7927,665,10,235
2015,2,Tucumán,139944,479,116,880,500
2015,1,Buenos Aires,1583135,1096836,134177,18754,2894
2015,1,Capital Federal,454934,841743,19334,1994,14716
2015,1,Catamarca,25033,241,16,10,410
2015,1,Chaco,54952,26161,164,270,560
2015,1,Chubut,45645,717,906,1254,5465
2015,1,Córdoba,343883,247564,415,4645,4500
2015,1,Corrientes,54649,25372,129,1319,620
2015,1,Entre Ríos,112363,47411,108,5943,2450
2015,1,Formosa,21022,4951,1,6700,560
2015,1,Jujuy,31505,5048,22,00,360
2015,1,La Pampa,13143,39571,3215,6164,6040
2015,1,La Rioja,16282,0,16,20,330
2015,1,Mendoza,152433,13030,2542,290,2126
2015,1,Misiones,58262,26836,30,50,130
2015,1,Neuquén,47518,32152,1024,12088,296
2015,1,Río Negro,66274,25217,907,3473,1462
2015,1,Salta,76280,19781,47,1290,5740
2015,1,San Juan,48441,451,755,1165,1007
2015,1,San Luis,11414,1025,351,300,4120
2015,1,Santa Cruz,16215,2700,392,4772,2562
2015,1,Santa Fe,328809,199037,2845,4239,1507
2015,1,Santiago Del Estero,33813,4365,19,102,350
2015,1,Tierra Del Fuego,22291,7924,657,10,2583
2015,1,Tucumán,137857,115,116,880,1000
2014,4,Buenos Aires,1575978,1070135,120528,17728,32038
2014,4,Capital Federal,455785,840224,17155,1962,15394
2014,4,Catamarca,25192,241,16,00,440
2014,4,Chaco,55024,10918,31,00,620
2014,4,Chubut,48539,697,891,12256,6159
2014,4,Córdoba,345157,240452,419,3918,4860
2014,4,Corrientes,54754,9526,40,1315,750
2014,4,Entre Ríos,112291,23027,57,5178,2600
2014,4,Formosa,21245,4896,1,00,650
2014,4,Jujuy,31349,4583,22,370,110
2014,4,La Pampa,16043,34281,514,5894,6480
2014,4,La Rioja,16352,0,17,00,330
2014,4,Mendoza,151797,13030,2534,310,2222
2014,4,Misiones,58435,18613,16,1500,150
2014,4,Neuquén,47721,31778,1014,11853,303
2014,4,Río Negro,66307,23703,901,3819,153
2014,4,Salta,76026,17289,48,60,5780
2014,4,San Juan,48653,451,740,1202,1073
2014,4,San Luis,11419,926,355,240,4230
2014,4,Santa Cruz,17553,448,388,4395,2929
2014,4,Santa Fe,335267,183009,3205,6282,1634
2014,4,Santiago Del Estero,34110,4231,19,9200,370
2014,4,Tierra Del Fuego,21948,3664,655,10,2722
2014,4,Tucumán,137093,97,116,130,1050
2014,3,Buenos Aires,1562533,1110628,124474,20049,31881
2014,3,Capital Federal,450155,833402,17886,1995,14387
2014,3,Catamarca,24380,244,15,00,470
2014,3,Chaco,53321,10336,29,10,590
2014,3,Chubut,49219,668,882,11853,6515
2014,3,Córdoba,340212,240334,444,4064,3770
2014,3,Corrientes,52957,9184,31,1312,650
2014,3,Entre Ríos,108907,22440,48,5203,1350
2014,3,Formosa,21021,4836,0,00,800
2014,3,Jujuy,30128,3541,22,370,130
2014,3,La Pampa,16051,33940,538,11219,6770
2014,3,La Rioja,15864,0,14,10,370
2014,3,Mendoza,150120,13030,2512,400,2222
2014,3,Misiones,56933,18373,4,30,140
2014,3,Neuquén,54458,30964,1000,12858,3087
2014,3,Río Negro,65264,26590,888,3533,1505
2014,3,Salta,73828,18394,43,1090,5800
2014,3,San Juan,48272,451,731,1199,1126
2014,3,San Luis,11303,925,355,250,4380
2014,3,Santa Cruz,17862,492,385,4273,3098
2014,3,Santa Fe,325577,183630,4407,654,7330
2014,3,Santiago Del Estero,32820,3900,19,7680,410
2014,3,Tierra Del Fuego,21840,3469,650,10,2832
2014,3,Tucumán,131739,97,117,130,1000
2014,2,Buenos Aires,1568881,1025490,120008,1702,33147
2014,2,Capital Federal,447637,828411,17729,1883,14555
2014,2,Catamarca,24380,243,17,00,430
2014,2,Chaco,53321,9870,30,00,580
2014,2,Chubut,51070,649,866,1096,6974
2014,2,Córdoba,337825,234729,351,3673,3740
2014,2,Corrientes,52883,8680,31,1309,550
2014,2,Entre Ríos,108900,21706,49,4795,1330
2014,2,Formosa,20894,4628,0,00,780
2014,2,Jujuy,30128,4161,23,400,90
2014,2,La Pampa,15957,32600,513,5869,6890
2014,2,La Rioja,15864,0,14,00,340
2014,2,Mendoza,148979,13030,2480,360,2282
2014,2,Misiones,56933,17594,4,1500,80
2014,2,Neuquén,47767,29776,997,10765,2983
2014,2,Río Negro,64920,24944,876,3657,156
2014,2,Salta,73841,17504,45,70,5770
2014,2,San Juan,48161,451,722,1139,1173
2014,2,San Luis,11306,925,354,220,4480
2014,2,Santa Cruz,18956,448,381,4118,3266
2014,2,Santa Fe,324101,178495,3085,6041,6360
2014,2,Santiago Del Estero,32820,4231,19,9070,340
2014,2,Tierra Del Fuego,21618,3008,648,10,2934
2014,2,Tucumán,131740,97,121,130,980
2014,1,Buenos Aires,1567685,1000879,120960,16528,33824
2014,1,Capital Federal,445569,820161,17767,1866,14555
2014,1,Catamarca,24126,46,17,00,430
2014,1,Chaco,52971,9497,30,00,580
2014,1,Chubut,51066,539,866,10776,6974
2014,1,Córdoba,336841,225769,347,3585,3680
2014,1,Corrientes,52565,8279,31,1306,550
2014,1,Entre Ríos,107883,21379,49,4887,1330
2014,1,Formosa,20774,4548,0,00,1000
2014,1,Jujuy,29765,4030,23,00,90
2014,1,La Pampa,15826,31305,513,5848,7010
2014,1,La Rioja,15663,0,14,00,340
2014,1,Mendoza,148970,12076,2480,370,2282
2014,1,Misiones,56597,17191,4,1500,80
2014,1,Neuquén,47790,28161,997,10381,3051
2014,1,Río Negro,64886,24156,876,3576,1572
2014,1,Salta,73131,17538,45,80,5680
2014,1,San Juan,48161,434,722,8080,1173
2014,1,San Luis,11306,428,354,210,4480
2014,1,Santa Cruz,18927,100,381,4092,3264
2014,1,Santa Fe,322662,174296,3059,5951,6440
2014,1,Santiago Del Estero,32567,3598,19,9150,340
2014,1,Tierra Del Fuego,21618,2837,648,10,2934
2014,1,Tucumán,129717,83,121,130,980
*,"Los datos provinciales no coinciden a nivel nacional, ya que se rincorporó información que no contien apertuta a nivel geográfico.",,nan,nan,nan,nan,nan
